Churn,MonthlyIncome,Age,DistanceFromHome,EnvironmentSatisfaction,StockOptionLevel,PercentSalaryHike,JobInvolvement,Overtime_Dum,Single,Sales_Rep,BusTravLevel
1,5993,41,1,1,0,11,2,1,1,0,1
0,5130,49,8,2,1,23,1,0,0,0,2
1,2090,37,2,3,0,15,1,1,1,0,1
0,2909,33,3,3,0,11,2,1,0,0,2
0,3468,27,2,0,1,12,2,0,0,0,1
0,3068,32,2,3,0,13,2,0,1,0,2
0,2670,59,3,2,3,20,3,1,0,0,1
0,2693,30,24,3,1,22,2,0,0,0,1
0,9526,38,23,3,0,21,1,0,1,0,2
0,5237,36,27,2,2,13,2,0,0,0,1
0,2426,35,16,0,1,13,3,0,0,0,1
0,4193,29,15,3,0,12,1,1,1,0,1
0,2911,31,26,0,1,17,2,0,0,0,1
0,2661,34,19,1,1,11,2,0,0,0,1
1,2028,28,24,2,0,14,1,1,1,0,1
0,9980,29,21,1,1,11,3,0,0,0,1
0,3298,32,5,0,2,12,3,1,0,0,1
0,2935,22,16,3,2,13,3,1,0,0,0
0,15427,53,2,0,0,16,1,0,0,0,1
0,3944,38,2,3,0,11,2,1,1,0,1
0,4011,24,11,0,1,18,3,0,0,0,0
1,3407,36,9,2,0,23,1,0,1,1,1
0,11994,34,7,0,0,11,2,0,1,0,1
0,1232,21,15,2,0,14,2,0,1,0,1
1,2960,34,6,1,0,11,2,0,1,0,1
0,19094,53,5,2,1,11,2,0,0,0,1
1,3919,32,16,1,0,22,0,1,1,0,2
0,6825,42,8,2,1,11,2,0,0,0,1
0,10248,44,7,0,1,14,1,0,0,0,1
0,18947,46,2,1,0,12,2,0,1,0,1
0,2496,33,2,2,0,11,2,0,1,0,1
0,6465,44,10,3,0,13,2,1,0,0,1
0,2206,30,9,3,0,13,1,0,1,0,1
1,2086,39,5,3,1,14,2,0,0,1,1
1,2293,24,1,1,1,16,2,1,0,0,1
0,2645,43,2,3,2,12,3,0,0,0,1
1,2683,50,3,0,0,14,1,1,0,1,1
0,2014,35,2,3,0,13,2,0,0,1,1
0,3419,36,5,1,1,14,1,1,0,0,1
0,5376,33,1,2,2,19,3,0,0,0,2
0,1951,35,4,2,1,12,2,0,0,0,1
0,2341,27,2,3,1,13,2,0,0,0,1
1,2293,26,25,0,0,12,0,0,1,0,1
0,8726,27,8,3,0,15,2,0,1,0,2
0,4011,30,1,2,0,23,2,0,1,0,2
1,19545,41,12,1,0,12,2,0,0,0,1
0,4568,34,23,1,0,20,2,0,1,0,0
0,3022,37,19,1,0,21,2,0,0,0,1
0,5772,46,5,0,0,21,2,1,1,0,2
0,2269,35,8,3,0,19,3,0,0,0,1
1,5381,48,1,0,0,13,1,1,1,0,1
1,3441,28,5,2,0,13,2,1,1,0,1
0,5454,44,1,1,1,21,2,1,0,0,1
0,9884,35,11,2,1,13,1,1,0,0,0
0,4157,26,23,2,1,19,1,1,0,0,1
0,13458,33,1,0,0,12,2,1,1,0,2
0,9069,35,18,1,1,22,2,0,0,0,2
0,4014,35,23,2,1,15,2,1,0,0,1
0,5915,31,7,3,1,22,2,0,0,0,1
0,5993,37,1,0,1,18,1,0,0,0,1
0,6162,32,1,0,1,22,2,1,0,0,1
0,2406,38,29,3,0,11,2,0,1,0,2
0,18740,50,7,1,1,12,1,1,0,0,1
0,7637,59,25,0,0,11,2,0,1,0,1
0,10096,36,8,2,3,13,2,0,0,0,1
0,14756,55,8,3,3,14,2,1,0,0,1
0,6499,36,11,1,0,13,1,0,1,0,2
0,9724,45,7,1,1,17,2,0,0,0,1
0,2194,35,1,1,1,13,2,0,0,0,2
1,3388,36,9,3,1,17,1,1,0,0,1
0,5473,59,1,0,0,11,1,0,1,0,2
0,2703,29,2,2,1,23,2,0,0,0,1
0,2501,31,1,2,0,17,2,0,1,0,1
0,6220,32,1,1,2,17,2,0,0,0,1
0,3038,36,6,1,0,12,3,0,0,0,1
0,4424,31,8,2,0,23,2,0,1,0,1
0,4312,35,1,2,0,14,1,0,1,0,1
0,13245,45,6,3,0,14,2,1,0,0,1
0,13664,37,7,0,0,13,2,0,1,0,1
0,5021,46,5,1,1,22,2,1,0,0,1
0,5126,30,1,3,2,12,1,1,0,0,1
0,2859,35,1,1,0,18,1,0,1,0,1
0,10239,55,1,0,1,14,2,0,0,0,1
0,5329,38,6,1,3,12,0,1,0,0,0
0,4325,34,1,0,0,15,2,0,0,0,1
0,7260,56,7,3,0,11,0,0,1,0,1
0,2322,23,2,2,1,13,2,0,0,1,1
0,2075,51,9,3,2,23,2,0,0,0,1
0,4152,30,2,2,3,19,1,0,0,0,1
1,9619,46,9,2,0,16,1,0,1,0,1
0,13503,40,1,2,1,22,1,0,0,0,2
0,5441,51,21,2,0,22,2,1,1,0,1
0,5209,30,4,2,3,12,1,1,0,0,1
0,10673,46,1,2,1,13,1,1,0,0,2
0,5010,32,6,1,0,16,2,0,1,0,1
0,13549,54,2,0,1,12,2,0,0,0,1
0,4999,24,3,0,1,21,2,0,0,0,1
0,4221,28,4,1,0,15,2,0,0,0,0
0,13872,58,10,3,0,13,2,0,1,0,1
0,2042,44,23,1,1,12,2,0,0,0,0
1,2073,37,6,2,0,22,2,1,0,0,1
0,2956,32,1,3,0,13,2,0,1,0,1
1,2926,20,6,3,0,18,1,1,1,0,2
0,4809,34,6,0,0,14,2,0,1,0,1
0,5163,37,2,2,1,14,1,0,0,0,0
0,18844,59,2,2,1,21,1,0,0,0,0
0,18172,50,1,0,0,19,2,1,0,0,2
1,5744,25,5,2,0,11,1,1,1,0,1
0,2889,25,7,3,2,11,1,0,0,0,1
0,2871,22,15,1,0,15,2,0,1,0,1
0,7484,51,1,0,0,20,1,0,1,0,2
1,6074,34,7,0,0,24,0,1,1,0,2
0,17328,54,26,3,0,12,3,1,1,0,0
0,2774,24,18,1,1,12,2,0,0,0,1
0,4505,34,6,2,1,15,1,0,0,0,1
0,7428,37,3,2,0,12,2,0,1,0,1
0,11631,34,5,2,0,12,1,0,1,0,1
0,9738,36,11,1,1,14,2,0,0,0,2
0,2835,36,3,0,1,22,2,0,0,0,1
0,16959,43,26,2,2,12,2,1,0,0,2
0,2613,30,23,0,3,25,0,0,0,0,2
0,6146,33,22,2,1,13,2,0,0,0,0
1,4963,56,14,1,3,18,2,1,0,0,1
0,19537,51,6,0,0,13,2,0,1,0,1
1,6172,31,6,1,0,18,0,1,0,0,1
0,2368,26,6,2,0,19,1,0,0,0,1
1,10312,58,23,3,1,12,2,0,0,0,1
1,1675,19,22,3,0,19,2,1,1,1,1
0,2523,22,2,2,1,14,2,0,0,0,1
0,6567,49,20,2,0,14,2,0,0,0,1
0,4739,43,28,1,0,12,3,0,1,0,2
0,9208,50,12,2,0,11,2,0,1,0,2
1,4559,31,20,1,1,11,0,1,0,0,1
0,8189,41,9,2,1,13,2,1,0,0,1
0,2942,26,25,2,1,23,2,0,0,0,1
0,4941,36,6,1,2,20,2,0,0,0,1
1,10650,51,8,0,0,15,0,0,1,0,2
0,5902,39,4,3,1,14,1,0,0,0,1
0,8639,25,28,0,0,18,1,0,0,0,1
0,6347,30,9,2,0,19,2,1,0,0,1
1,4200,32,9,0,0,22,2,0,1,0,1
0,3452,45,29,2,0,13,2,0,1,0,1
0,4317,38,3,3,0,20,2,1,1,0,1
0,2632,30,18,0,0,14,2,0,1,0,1
0,4668,32,9,3,3,17,0,0,0,0,2
0,3204,30,5,3,1,14,2,0,0,0,1
0,2720,30,2,1,0,13,1,0,1,0,1
0,17181,41,10,3,1,13,1,0,0,0,2
0,2238,41,9,2,1,21,2,0,0,0,1
0,1483,19,3,1,0,14,2,0,1,0,1
0,5605,40,26,1,1,11,2,0,0,0,2
0,7295,35,1,2,2,13,2,0,0,0,1
0,2306,53,6,1,1,20,2,1,0,1,1
0,2348,45,9,1,1,18,2,0,0,0,1
0,8998,32,8,1,0,14,2,0,1,0,2
0,4319,29,1,3,1,13,2,0,0,0,0
0,6132,51,7,1,0,17,1,0,0,0,1
0,3346,58,9,1,1,20,1,1,0,0,1
0,10855,40,4,2,1,11,1,0,0,0,1
0,2231,34,2,2,1,18,2,0,0,1,2
0,2323,22,19,2,2,24,2,0,0,0,1
0,2024,27,9,3,1,18,2,0,0,0,0
0,2713,28,21,2,1,11,2,0,0,0,1
0,9439,57,24,2,1,16,3,1,0,0,1
0,2566,27,3,2,1,15,1,1,0,0,0
0,19926,50,11,2,0,15,2,0,1,0,1
0,2451,41,14,0,1,12,2,0,0,0,1
0,9419,30,5,1,1,12,2,0,0,0,1
0,8686,38,1,0,0,22,1,0,1,0,1
0,3038,32,6,2,0,20,2,0,1,0,1
0,3058,27,17,2,1,16,2,1,0,0,1
1,2325,19,1,2,0,21,0,0,1,1,2
0,2088,36,3,3,0,12,2,0,1,0,2
0,3072,30,9,2,2,11,2,0,0,0,0
0,5006,45,4,2,1,11,2,1,0,0,1
0,4257,56,8,2,1,18,2,1,0,0,1
0,2500,33,2,2,0,14,2,0,1,0,1
1,1102,19,2,1,0,22,1,0,1,0,1
0,10453,46,1,1,3,25,2,0,0,0,1
0,2288,38,9,2,0,12,2,0,1,0,1
0,3929,31,12,2,1,23,2,1,0,0,1
0,2311,34,27,3,0,15,2,0,1,0,1
1,3140,41,20,1,0,22,2,1,1,1,1
0,3690,50,1,2,1,15,1,0,0,0,1
0,4450,53,13,3,2,11,3,0,0,0,1
0,2756,33,14,3,1,13,2,0,0,0,1
0,19033,40,4,3,1,14,2,0,0,0,1
0,18722,55,14,2,0,11,3,0,1,0,1
0,9547,34,2,3,0,17,1,0,0,0,2
0,13734,51,3,3,0,18,2,0,1,0,1
0,19999,52,1,2,1,14,1,0,0,0,1
0,2279,27,9,3,0,16,2,0,1,0,1
1,5916,35,23,1,0,13,1,1,0,0,1
0,2089,43,7,3,3,14,3,0,0,0,0
0,16792,45,2,0,1,23,1,0,0,0,0
0,3564,37,21,1,1,12,3,1,0,0,1
0,4425,35,2,1,0,11,2,0,1,0,2
0,5265,42,21,2,1,16,2,0,0,0,0
0,6553,38,2,3,0,14,2,0,0,0,1
0,6261,38,29,3,1,18,2,0,0,0,1
0,4298,27,1,2,1,19,1,0,0,0,2
0,6804,49,18,3,2,15,2,1,0,0,0
0,3815,34,10,3,1,17,2,1,0,0,2
0,2741,40,19,2,1,15,2,1,0,0,1
1,6673,38,29,1,0,19,2,1,0,0,1
1,7639,29,27,1,3,22,2,0,0,0,1
0,2328,22,5,3,1,16,3,1,0,0,1
0,2153,36,18,1,0,13,2,0,1,0,2
0,4876,40,9,3,1,14,1,0,0,0,0
0,9396,46,1,3,1,16,2,0,0,0,1
1,10400,32,4,3,0,11,0,0,0,0,1
0,8474,30,1,2,0,22,1,0,1,0,0
0,9981,27,20,3,0,14,2,0,1,0,2
0,12490,51,8,1,2,16,1,0,0,0,1
1,2657,30,3,3,0,11,2,1,1,0,1
0,13591,41,6,3,0,18,2,1,1,0,1
1,6696,30,26,2,0,15,1,0,1,0,2
1,2058,29,1,2,0,14,2,0,1,0,1
0,8865,45,6,3,0,12,1,0,1,0,0
0,5940,54,3,3,1,14,2,0,0,0,1
0,5914,36,5,3,0,16,2,0,1,0,1
0,2622,33,4,2,0,21,1,0,0,0,1
0,12185,37,11,1,3,14,2,1,0,0,2
0,10609,38,3,0,2,12,2,0,0,0,1
0,4345,31,1,2,1,12,0,0,0,0,0
0,2177,59,3,2,1,17,1,0,0,0,1
0,2793,37,4,0,1,17,2,0,0,1,2
0,7918,29,1,1,1,14,2,0,0,0,2
0,8789,35,1,2,0,14,2,0,1,0,2
1,2389,29,18,2,0,13,1,1,1,0,1
0,3212,52,2,2,0,15,1,0,1,0,1
0,19232,42,4,2,0,11,2,0,0,0,1
0,2267,59,6,1,0,17,2,0,0,0,1
0,19517,50,1,3,1,11,2,0,0,0,1
1,2436,33,14,2,1,13,2,1,0,0,1
0,16064,43,16,3,1,22,2,1,0,0,1
1,2707,33,2,0,0,20,2,0,0,0,1
0,19068,52,2,0,0,18,1,1,1,0,0
0,3931,32,4,2,1,11,2,0,0,1,1
1,3730,32,1,3,0,14,1,1,1,0,1
0,2232,39,1,2,3,14,2,0,0,0,1
0,4465,32,26,2,0,18,2,0,0,0,0
0,3072,41,19,2,2,16,2,0,0,0,1
0,3319,40,24,0,2,17,2,0,0,0,1
0,19202,45,1,2,1,11,3,0,0,0,1
0,13675,31,3,1,1,12,2,0,0,0,2
0,2911,33,5,2,1,13,1,0,0,0,1
0,5957,34,2,3,1,13,1,0,0,0,1
0,3920,37,1,2,1,14,1,0,0,0,1
0,6434,45,7,0,1,17,3,0,0,0,2
1,10048,37,10,0,2,11,2,0,0,0,2
0,10938,39,2,2,0,25,2,0,1,0,2
0,2340,29,15,2,0,19,2,0,1,0,1
0,6545,42,17,3,0,13,3,1,1,0,1
0,6931,29,20,3,1,14,2,0,0,0,1
0,4898,25,1,0,2,12,2,0,0,0,1
0,2593,42,2,3,1,11,1,1,0,0,1
0,19436,40,2,0,1,19,2,0,0,0,1
0,2723,51,1,2,0,11,2,0,0,0,1
1,3479,31,29,2,0,11,1,0,1,0,2
0,2794,32,7,1,0,20,3,0,0,0,2
0,5249,38,2,3,1,18,1,0,0,0,0
0,2176,32,2,3,0,13,1,0,1,0,1
0,16872,46,2,2,1,12,0,1,0,0,1
1,3485,28,2,0,0,11,2,0,1,0,1
0,6644,29,2,0,2,19,1,0,0,0,1
0,5582,31,23,1,1,21,1,0,0,0,1
0,4000,25,5,1,2,12,3,0,0,0,0
0,13496,45,20,2,0,14,2,1,0,0,1
0,3210,36,6,3,1,11,2,0,0,0,1
0,19045,55,1,3,0,14,2,1,1,0,1
1,11849,47,29,0,1,12,2,1,0,0,0
0,2070,28,9,3,1,23,2,0,0,0,1
0,6502,37,6,2,1,14,2,0,0,0,1
0,3230,21,3,3,0,17,1,0,1,0,1
0,13603,37,1,0,2,18,2,1,0,0,0
0,11996,35,22,1,1,18,3,0,0,0,1
0,5605,38,7,0,1,24,3,1,0,0,1
0,6397,26,1,2,1,20,2,0,0,0,2
0,19144,50,4,0,2,14,2,0,0,0,1
0,17584,53,3,2,3,16,2,1,0,0,1
0,4907,42,1,1,0,25,2,0,0,0,1
0,4554,29,2,1,0,18,2,0,1,0,2
0,5415,55,20,1,1,19,2,1,0,0,1
0,4741,26,11,0,1,13,2,1,0,0,2
0,2115,37,1,3,0,12,2,0,1,0,1
1,3161,44,24,3,1,22,2,1,0,0,2
0,5745,38,23,3,1,14,2,0,0,0,1
1,2373,26,16,0,1,13,2,1,0,0,1
0,3310,28,8,3,0,21,2,0,1,0,1
0,18665,49,10,2,0,11,2,1,1,0,2
0,4485,36,3,2,0,12,2,0,1,0,1
0,2789,31,5,3,1,11,2,0,0,1,2
1,5828,26,4,3,0,12,1,1,1,0,1
0,2326,37,9,1,3,12,2,1,0,0,2
0,13525,42,26,2,1,14,2,0,0,0,2
1,1420,18,3,2,0,13,2,0,1,0,1
0,8020,35,16,2,2,15,2,0,0,0,1
0,3688,36,18,2,2,18,3,0,0,0,2
0,5482,51,2,3,1,18,0,0,0,0,1
0,16015,41,2,3,0,19,2,0,1,0,1
0,1200,18,10,3,0,12,1,0,1,1,1
0,5661,28,16,1,0,19,3,0,1,0,1
0,6929,31,7,1,1,11,3,0,0,0,1
0,9613,39,1,2,3,17,3,0,0,0,1
0,5674,36,24,1,1,15,2,0,0,0,0
0,5484,32,7,3,1,14,1,0,0,0,1
0,12061,38,25,0,1,17,1,0,0,0,1
0,5660,58,1,3,1,13,0,1,0,0,0
0,4821,31,5,2,1,12,2,1,0,0,1
0,6410,31,2,0,0,12,1,0,0,0,1
0,5210,45,7,0,1,18,2,0,0,0,2
0,2695,31,2,2,1,18,2,1,0,0,1
0,11878,33,5,3,2,11,2,0,0,0,2
0,17068,39,10,2,0,14,2,1,0,0,1
0,2455,43,10,2,0,19,2,0,1,0,2
0,13964,49,1,2,0,12,1,1,1,0,1
1,4941,52,8,2,0,15,1,0,0,0,1
0,2478,27,5,2,0,12,2,1,1,0,1
0,5228,32,8,2,0,11,1,1,0,0,1
0,4478,27,2,3,0,11,2,1,1,0,1
0,7547,31,7,3,3,12,2,0,0,0,1
0,5055,32,2,0,0,16,3,0,1,0,1
1,3464,28,2,0,0,13,0,1,0,0,1
0,5775,30,28,3,2,13,2,0,0,0,1
0,8943,31,7,2,1,24,1,0,0,0,2
0,19272,39,7,2,1,15,1,0,0,0,2
1,5238,39,3,3,0,18,2,1,0,0,1
0,4682,33,10,1,0,14,1,0,1,0,2
0,18300,47,5,3,1,11,2,0,0,0,1
0,5257,43,10,2,1,11,1,0,0,0,2
0,6349,27,1,2,1,13,2,1,0,0,0
0,4869,54,20,3,0,12,2,0,1,0,2
0,9985,43,7,2,1,16,2,0,0,0,1
0,3697,45,8,3,2,14,2,0,0,0,1
0,7457,40,1,1,3,22,0,1,0,0,1
1,2119,29,8,1,0,11,0,1,0,0,1
0,3983,29,9,1,0,17,1,0,1,0,1
0,6118,30,5,3,3,13,1,0,0,0,1
0,6214,27,8,1,1,18,2,0,0,0,1
0,6347,37,5,3,2,16,2,0,0,0,1
0,11510,38,15,2,1,14,1,1,0,0,1
0,7143,31,7,2,0,14,2,1,1,0,1
0,8268,29,10,3,2,14,1,1,0,0,1
0,8095,35,5,2,0,13,2,0,1,0,1
0,2904,23,26,2,2,12,2,0,0,0,1
0,6032,41,6,3,0,15,1,1,1,0,1
0,2976,47,4,1,0,19,2,0,1,1,2
0,15992,42,23,0,0,14,2,0,1,0,1
0,4649,29,2,3,1,14,2,0,0,0,0
0,2696,42,2,2,1,11,2,1,0,0,1
0,2370,32,2,2,1,13,2,0,0,0,1
0,12504,48,29,0,1,21,2,0,0,0,1
0,5974,37,6,2,2,13,3,1,0,0,1
0,4736,30,25,3,1,12,2,1,0,0,0
0,5296,26,1,2,1,17,2,0,0,0,1
0,6781,42,2,0,0,23,1,0,1,0,1
1,2174,21,1,0,0,11,1,1,1,1,2
0,6653,36,1,3,0,15,2,0,1,0,0
0,9699,36,3,0,1,11,1,0,0,0,2
0,6755,57,1,3,0,11,2,0,0,0,1
0,2213,40,10,3,1,13,3,1,0,0,1
0,2610,21,9,0,0,24,2,0,1,1,0
1,2851,33,5,3,0,13,2,1,1,1,1
0,3452,37,10,2,1,20,2,0,0,0,1
0,5258,46,7,2,0,14,2,0,0,0,0
1,9355,41,4,0,0,18,2,0,1,0,2
0,10496,50,10,3,0,15,1,0,1,0,1
1,6380,40,22,2,2,12,1,1,0,0,1
0,2657,31,9,2,0,16,1,1,1,0,1
1,2716,21,12,2,0,15,3,0,1,1,1
0,2201,29,23,3,0,16,2,0,1,0,1
0,6540,35,9,2,0,19,1,0,1,0,1
0,3816,27,1,3,1,11,2,0,0,0,1
0,5253,28,9,1,0,16,2,0,1,0,1
0,10965,49,7,1,0,24,1,0,1,0,1
0,4936,51,14,2,1,11,2,0,0,0,1
0,2543,36,2,3,1,13,2,0,0,0,1
1,5304,34,19,0,0,13,3,1,1,0,0
0,16659,55,2,2,0,13,2,1,1,0,1
0,4260,24,10,3,1,12,2,1,0,0,1
0,2476,30,2,2,1,18,2,0,0,1,1
1,3102,26,3,2,0,22,2,0,1,0,2
0,2244,22,11,0,1,13,2,0,0,0,1
0,7596,36,2,1,2,13,1,0,0,0,1
1,2285,30,4,2,0,23,2,1,1,0,2
0,3034,37,14,3,1,12,2,0,0,0,1
0,5715,40,2,3,2,12,2,0,0,0,1
0,2576,42,1,1,1,16,2,0,0,0,1
0,4197,37,10,2,0,12,2,1,1,0,1
0,14336,43,12,0,1,11,1,0,0,0,1
0,3448,40,2,1,1,22,1,0,0,0,1
0,19406,54,5,0,1,11,2,0,0,0,1
0,6538,34,4,2,1,15,2,0,0,0,0
0,4306,31,7,1,1,12,2,0,0,0,1
0,2258,43,21,3,1,20,2,0,0,0,2
0,4522,43,8,2,0,14,2,1,0,0,1
0,4487,25,4,1,0,11,1,1,1,0,1
0,4449,37,25,1,2,15,2,1,0,0,0
0,2218,31,1,3,1,12,1,0,0,0,1
0,19197,39,1,1,1,14,2,1,0,0,2
0,13212,56,6,2,3,11,3,0,0,0,2
0,6577,30,12,1,0,11,2,0,1,0,1
0,8392,41,1,1,1,16,3,0,0,0,1
0,4558,28,17,2,1,12,2,0,0,0,1
1,4031,25,3,0,1,13,2,0,0,0,1
0,7969,52,3,3,0,14,1,1,0,0,1
0,2654,45,10,0,2,21,2,0,0,0,1
0,16555,52,4,3,0,13,2,0,0,0,1
0,4556,42,29,0,1,11,2,0,0,0,2
0,6091,30,2,2,0,20,0,0,1,0,1
0,19566,60,7,0,0,11,2,0,0,0,1
0,4810,46,18,2,1,14,2,0,0,0,1
0,4523,42,28,3,3,11,1,0,0,0,2
1,3202,24,1,0,0,16,2,1,1,1,1
1,2351,34,6,3,1,16,0,0,0,1,2
0,1702,38,2,3,1,23,2,1,0,0,2
0,18041,40,2,2,0,14,2,0,0,0,1
0,2886,26,23,0,2,22,2,0,0,0,1
0,2097,30,3,2,1,15,2,0,0,0,0
0,11935,29,3,1,0,18,1,0,0,0,1
1,2546,29,25,2,0,16,1,0,0,0,1
1,2564,19,2,0,0,12,1,0,1,0,1
0,8412,30,22,2,0,11,2,0,0,0,0
0,14118,57,29,0,1,12,1,0,0,0,1
0,17046,50,29,1,1,15,1,0,0,0,1
0,2564,30,2,2,0,14,2,0,1,0,0
0,10266,60,28,2,0,19,1,0,0,0,2
0,5070,47,2,0,3,13,2,0,0,0,1
0,17861,46,2,0,0,13,2,0,0,0,1
0,4230,35,22,3,0,15,0,0,1,0,1
0,3780,54,8,2,0,11,2,0,1,0,1
0,2768,34,2,3,1,12,1,0,0,0,1
0,9071,46,10,2,1,19,1,1,0,0,1
0,10648,31,9,2,1,25,2,0,0,0,1
1,13610,33,15,1,0,12,2,1,0,0,1
1,3408,33,10,0,3,13,0,0,0,0,1
0,2983,30,7,3,0,14,2,0,1,1,1
0,7632,35,16,3,0,12,2,1,0,0,1
1,9824,31,20,0,0,12,2,0,0,0,2
1,9950,34,23,1,3,15,2,1,0,0,2
0,2093,42,5,1,1,17,2,0,0,0,2
0,9980,36,10,1,0,14,2,0,1,0,0
1,3894,22,4,2,0,16,1,0,1,0,2
0,4051,48,2,1,1,14,2,0,0,0,1
0,16835,55,18,0,0,23,2,0,1,0,1
0,6230,41,10,3,0,14,2,0,1,0,0
0,4717,35,1,1,0,11,2,0,0,0,1
0,13237,40,6,1,0,15,2,0,1,0,1
0,3755,39,8,2,1,11,2,0,0,0,2
0,6582,31,2,1,0,13,2,1,1,0,1
0,7406,42,24,3,1,21,2,1,0,0,1
0,4805,45,2,3,1,19,2,0,0,0,1
1,2741,26,17,1,1,11,2,1,0,0,2
0,4262,29,19,3,2,12,2,0,0,0,1
0,16184,33,1,0,1,19,3,0,0,0,1
0,11557,31,7,2,1,21,1,0,0,0,1
1,1878,18,5,1,0,14,2,1,1,1,2
0,10932,40,28,2,1,15,0,0,0,0,0
0,6811,41,2,0,0,17,1,1,1,0,0
0,4306,26,29,0,2,12,2,0,0,0,1
0,4859,35,1,0,0,16,2,0,1,0,1
0,5337,34,21,3,0,12,3,0,1,0,1
1,2340,26,24,2,0,18,0,1,1,0,1
0,7491,37,1,1,0,17,2,0,1,0,1
0,10527,46,18,0,0,11,2,0,0,0,2
0,16595,41,2,1,1,16,2,0,0,0,1
0,8834,37,9,0,1,13,2,0,0,0,0
0,5577,52,6,3,2,12,2,1,0,0,1
1,4707,32,11,3,0,12,3,0,0,0,0
0,2400,24,24,3,2,13,2,0,0,1,2
0,9824,38,10,2,1,19,2,0,0,0,1
0,6447,37,1,1,1,12,2,0,0,0,1
0,19502,49,18,3,1,17,1,1,0,0,1
0,2725,24,23,1,2,11,3,1,0,0,1
0,6272,26,28,0,2,20,2,0,0,0,1
0,2127,24,17,3,1,21,1,0,0,0,1
0,18200,50,3,0,1,11,2,0,0,0,2
0,2096,25,13,1,0,11,2,0,0,1,1
1,2886,24,7,0,1,16,2,1,0,0,2
1,2033,30,12,1,1,18,1,0,0,1,2
0,3622,34,1,1,1,13,1,1,0,0,1
1,4233,31,13,1,0,17,2,0,0,0,1
0,3681,35,25,0,0,14,1,0,1,0,1
0,5460,31,6,0,2,22,3,0,0,0,1
0,2187,27,6,0,2,12,1,0,0,0,1
0,9602,37,2,3,1,11,2,1,0,0,1
0,2836,20,1,3,0,13,1,0,1,0,1
0,4089,42,2,2,2,13,2,0,0,0,1
0,16627,43,6,1,1,14,1,1,0,0,1
0,2619,38,1,2,0,17,2,0,1,0,1
0,5679,43,9,3,1,13,2,1,0,0,2
0,15402,48,1,3,1,11,1,0,0,0,1
0,5985,44,1,0,0,11,1,0,1,0,1
0,2579,34,14,2,2,18,2,1,0,1,1
1,3041,27,2,2,1,11,2,0,0,1,1
0,3447,21,22,2,0,11,2,0,1,1,1
0,19513,44,3,3,1,12,2,1,0,0,1
0,2773,22,6,0,0,20,2,0,0,0,1
0,7104,33,8,2,0,12,2,0,0,0,1
0,6322,32,9,0,1,12,2,1,0,0,1
0,2083,30,3,2,1,20,2,0,0,0,2
0,8381,53,1,3,0,20,2,0,1,0,1
0,2691,34,1,1,1,12,2,0,0,0,1
1,4286,45,26,0,2,14,2,0,0,0,2
0,2659,26,6,2,1,13,2,1,0,0,1
0,9434,37,3,2,1,15,2,0,0,0,1
0,5561,29,3,1,1,14,2,0,0,0,1
0,6646,35,6,1,0,13,0,0,1,0,1
0,7725,33,6,2,1,23,2,0,0,0,2
0,10725,54,19,2,1,15,2,0,0,0,1
0,8847,36,9,1,1,11,1,1,0,0,1
0,2045,27,3,0,0,13,1,0,1,0,1
1,1009,20,10,3,0,11,2,1,1,0,1
1,3348,33,3,0,0,11,2,1,1,0,2
0,1281,35,3,2,2,18,1,0,0,0,0
0,2819,23,4,0,1,16,3,0,0,0,1
0,4851,25,8,3,1,22,3,0,0,0,1
0,4028,38,7,3,0,20,1,0,1,0,1
0,2720,29,1,1,1,18,0,0,0,0,2
0,8120,48,2,1,0,12,3,0,0,0,1
0,4647,27,3,3,2,20,3,1,0,0,2
0,4680,37,10,3,0,17,3,0,1,0,1
0,3221,50,28,3,3,11,3,1,0,0,1
0,8621,34,9,3,0,14,1,0,1,0,1
1,4577,24,3,0,0,14,2,0,1,0,1
0,4553,39,2,3,0,11,1,0,1,0,1
0,5396,32,10,3,0,12,2,0,1,0,1
1,6796,50,8,1,1,14,2,1,0,0,2
0,7625,38,1,1,0,13,3,0,1,0,1
0,7412,27,1,2,0,11,2,0,0,0,1
0,11159,32,3,2,0,15,2,0,1,0,1
0,4960,47,14,3,0,12,2,0,1,0,1
0,10475,40,5,3,1,21,1,1,0,0,2
0,14814,53,7,2,0,19,3,0,0,0,1
0,19141,41,10,1,3,15,1,0,0,0,1
0,5405,60,16,0,0,14,2,0,1,0,1
0,8793,27,10,3,2,21,2,0,0,0,2
0,19189,41,1,3,1,12,1,0,0,0,1
0,3875,50,8,3,1,15,2,0,0,1,1
1,2216,28,1,0,0,13,0,1,1,0,1
0,11713,36,8,0,1,14,3,0,0,0,0
0,7861,38,1,2,0,14,2,1,1,0,1
0,3708,44,24,0,0,14,0,0,1,0,0
0,13770,47,3,3,2,12,2,1,0,0,2
0,5304,30,27,2,1,23,2,0,0,0,1
0,2642,29,10,2,0,11,2,0,1,1,1
1,2759,42,19,2,0,12,3,1,0,0,2
0,6804,43,15,3,1,18,1,0,0,0,2
0,6142,34,8,1,0,11,2,0,1,0,1
0,2500,23,9,1,1,14,2,0,0,0,1
0,6389,39,3,2,1,15,3,0,0,0,1
0,11103,56,9,2,0,11,2,0,0,0,1
0,2342,40,2,3,0,20,1,1,1,0,1
0,6811,27,7,3,0,19,1,0,1,0,1
0,2297,29,10,3,2,14,2,0,0,1,1
0,2450,53,6,3,0,17,2,0,1,0,1
0,5093,35,2,3,1,11,2,0,0,0,0
0,5309,32,24,0,2,15,2,0,0,0,2
0,3057,38,2,3,1,13,2,1,0,0,1
0,5121,34,8,1,1,14,2,0,0,0,1
0,16856,52,3,2,0,11,1,0,0,0,1
1,2686,33,1,3,0,13,2,1,1,0,1
0,6180,25,26,2,0,23,2,0,1,0,1
0,6632,45,2,1,0,13,0,0,1,1,1
0,3505,23,10,0,0,18,3,0,1,0,1
1,6397,47,27,1,0,12,3,1,1,0,2
0,6274,34,2,3,0,22,2,0,1,0,1
1,19859,55,2,3,1,13,2,1,0,0,1
0,7587,36,8,0,0,15,1,0,1,0,0
0,4258,52,19,3,1,18,2,0,0,0,0
0,4364,26,1,0,1,14,0,0,0,0,2
0,4335,29,27,1,1,12,2,0,0,0,1
1,5326,26,8,3,0,17,1,0,1,0,1
0,3280,34,1,1,0,16,3,0,1,0,1
0,5485,54,19,3,2,11,2,1,0,0,1
0,4342,27,8,2,1,19,2,0,0,0,2
0,2782,37,10,3,2,13,2,1,0,0,1
0,5980,38,2,0,0,12,3,1,1,0,2
0,4381,34,2,2,0,11,1,0,1,0,1
0,2572,35,8,0,1,16,2,0,0,1,1
0,3833,30,1,3,2,21,0,0,0,0,1
0,4244,40,2,2,1,24,3,0,0,0,2
0,6500,34,8,2,1,17,2,0,0,0,1
0,18430,42,8,1,1,13,2,0,0,0,2
1,1601,23,6,2,2,21,3,1,0,0,1
0,2694,24,9,2,3,11,1,0,0,0,0
0,3149,52,11,3,1,20,2,0,0,0,1
0,17639,50,2,2,0,16,2,0,0,0,1
1,2319,29,1,1,1,11,1,1,0,0,1
0,11691,33,7,2,0,11,2,0,0,0,1
1,5324,33,16,0,0,15,2,0,1,0,1
0,16752,47,2,2,1,11,2,1,0,0,1
0,5228,36,1,2,1,15,2,0,0,0,1
0,2700,29,23,2,1,24,3,0,0,0,1
1,19246,58,2,3,0,12,2,1,1,0,1
0,2506,35,1,3,0,13,3,0,1,0,1
0,6062,42,1,3,1,13,1,1,0,0,1
1,4382,28,2,2,0,17,2,0,1,0,1
0,2143,36,13,2,1,13,2,0,0,0,1
0,6162,32,4,2,1,12,1,0,0,0,1
0,5094,40,16,0,0,14,1,0,1,0,2
0,6877,30,2,2,0,24,1,1,1,0,1
0,2274,45,2,1,0,14,1,0,1,0,1
0,4434,42,29,1,1,13,2,0,0,0,1
0,6288,38,12,0,1,15,1,0,0,0,2
0,2553,34,16,2,0,16,1,0,1,0,2
1,7654,49,11,2,2,18,2,0,0,0,1
1,5160,55,2,2,0,16,2,0,1,0,1
0,17159,43,14,1,1,24,2,0,0,0,1
0,12808,27,5,2,1,16,1,1,0,0,1
0,10221,35,7,2,0,21,2,0,1,0,1
0,4779,28,2,1,0,20,2,1,0,0,1
0,3737,34,3,2,1,19,2,0,0,0,1
1,2366,26,5,2,1,14,1,1,0,0,2
0,1706,27,3,3,3,11,2,0,0,0,0
0,16307,51,26,0,1,14,2,0,0,0,1
0,5933,44,4,3,0,12,2,0,1,0,1
0,3424,25,2,0,0,13,3,0,1,0,1
0,4037,33,1,0,1,22,3,0,0,0,1
0,2559,35,27,2,0,11,1,0,1,0,1
0,6201,36,1,1,1,14,2,1,0,0,1
0,4403,32,13,1,1,11,2,0,0,0,1
0,3761,30,5,1,1,12,1,0,0,0,2
0,10934,53,7,0,1,18,1,1,0,0,1
0,10761,45,9,3,1,12,2,1,0,0,1
0,5175,32,8,2,1,12,3,0,0,0,1
0,13826,52,25,2,0,22,1,0,0,0,2
0,6334,37,16,3,2,19,1,0,0,0,1
0,4936,28,8,1,1,13,1,0,0,0,1
0,4775,22,1,3,2,22,1,0,0,0,1
0,2818,44,8,0,1,24,3,1,0,0,1
0,2515,42,2,1,0,14,2,1,1,0,2
0,2342,36,8,0,0,21,1,0,0,0,1
0,4194,25,3,2,0,18,2,1,0,0,1
0,10685,35,9,3,1,20,1,1,0,0,1
1,2022,35,25,3,1,19,2,1,0,0,2
0,2314,32,1,3,1,12,2,0,0,0,0
0,4256,25,4,2,0,12,1,0,0,0,1
0,3580,49,1,2,1,16,2,0,0,0,1
0,3162,24,4,0,0,17,1,0,0,0,0
0,6524,32,5,1,1,14,2,0,0,0,2
0,2899,38,9,1,1,19,1,0,0,1,1
0,5231,42,3,2,1,13,3,1,0,0,1
0,2356,31,11,3,1,19,2,1,0,0,1
1,2800,29,1,1,3,19,1,1,0,1,1
0,11836,53,8,0,1,14,2,0,0,0,1
0,10903,35,25,3,0,16,1,0,0,0,1
0,2973,37,21,2,1,15,2,0,0,1,2
0,14275,53,23,3,0,18,2,0,1,0,1
0,5562,43,1,3,1,13,2,0,0,0,2
0,4537,47,2,2,1,22,2,1,0,0,1
0,7642,37,19,0,0,13,2,1,1,0,0
0,17924,50,2,0,1,11,2,0,0,0,0
0,5204,39,2,3,2,11,1,0,0,0,1
0,2277,33,3,3,1,11,2,1,0,0,1
1,2795,32,25,0,0,24,2,1,1,0,1
0,2532,29,7,0,3,14,1,0,0,0,1
0,2559,44,9,1,0,13,2,1,0,0,1
0,4908,28,5,0,0,14,2,0,1,0,1
1,2380,58,2,3,1,14,1,1,0,0,2
0,4765,43,8,0,1,21,2,0,0,0,1
1,2044,20,2,2,0,13,1,0,1,1,1
1,2693,21,18,3,0,19,2,0,1,0,1
0,6586,36,14,2,1,17,2,1,0,0,1
0,3294,47,2,3,0,18,1,1,1,1,1
1,4171,22,3,1,1,19,2,1,0,0,1
1,2778,41,2,1,1,13,0,1,0,0,1
0,2377,28,9,2,1,18,2,0,0,0,1
1,2404,39,6,3,0,21,2,1,0,0,1
0,2318,27,4,1,0,19,2,0,1,0,1
0,2008,34,10,1,2,14,2,0,0,0,1
0,6244,42,14,2,0,17,1,0,1,0,1
0,2799,33,1,2,0,11,1,1,1,0,1
0,10552,58,5,2,1,13,1,1,0,0,1
0,2329,31,7,1,0,15,1,0,0,1,1
0,4014,35,21,3,1,25,2,1,0,0,1
0,7403,49,8,0,1,11,2,0,0,0,1
0,2259,48,20,3,2,17,2,0,0,0,1
0,6932,31,20,3,1,13,2,0,0,0,0
0,4678,36,7,1,0,18,2,0,1,0,1
0,13582,38,1,3,1,13,2,0,0,0,1
0,2332,32,1,2,0,20,1,0,0,0,0
1,2413,25,19,2,3,18,1,1,0,1,1
0,9705,40,10,0,1,12,1,0,0,0,1
0,4294,26,1,2,0,12,1,0,1,0,2
0,4721,41,6,3,0,13,2,1,1,0,1
0,2519,36,2,2,0,21,2,0,1,0,1
1,2121,19,21,3,0,13,1,1,1,1,1
1,2973,20,4,0,0,19,2,0,1,0,1
0,5855,31,12,3,2,11,2,1,0,0,1
0,3617,40,9,3,1,14,2,1,0,0,2
0,6725,32,3,2,1,12,2,0,0,0,1
1,10325,36,3,2,1,11,1,1,0,0,1
0,6949,33,1,1,0,14,1,0,1,0,1
1,10609,37,1,0,0,11,1,0,0,0,1
0,4447,45,4,2,0,12,2,0,0,0,0
0,2157,29,20,2,1,15,2,0,0,1,2
0,4601,35,18,2,0,16,2,0,0,0,1
0,17099,52,1,3,1,15,2,0,0,0,1
1,2479,58,2,3,0,24,2,0,1,0,1
0,14852,53,2,2,1,13,2,0,0,0,1
0,7264,30,8,2,1,11,2,0,0,0,1
0,5666,38,10,2,0,13,2,1,1,0,0
0,7823,35,3,3,1,13,2,0,0,0,1
0,7880,39,2,0,0,18,3,0,1,0,1
1,13194,40,24,1,0,16,3,1,1,0,0
0,5067,47,16,2,0,19,3,1,0,0,2
0,5079,36,8,0,2,13,2,0,0,0,0
1,2321,31,9,2,0,22,1,1,1,0,0
0,17444,33,17,3,0,11,2,0,1,0,0
1,2404,29,10,3,0,20,1,1,1,0,1
0,3452,33,13,1,0,18,2,0,1,0,1
0,2270,45,1,3,2,14,2,0,0,0,1
0,17399,50,1,3,1,22,2,0,0,0,1
0,5488,33,1,2,1,13,3,1,0,0,2
0,19419,41,9,0,1,17,2,0,0,0,2
0,2811,27,16,2,1,14,2,0,0,0,1
0,3633,45,23,3,1,15,2,1,0,0,0
0,4163,47,4,3,0,17,2,1,1,0,1
1,2132,30,22,0,0,11,2,1,0,0,1
0,13973,50,24,3,1,18,2,1,0,0,1
0,2684,38,10,2,1,17,2,0,0,0,2
0,10845,46,7,3,1,13,2,0,0,0,1
0,4377,24,17,3,2,15,1,0,0,0,1
1,3743,35,14,2,1,24,1,1,0,0,1
0,4148,31,1,2,1,12,2,0,0,0,2
0,1051,18,5,1,0,15,2,0,1,0,0
0,10739,54,17,2,1,11,2,0,0,0,1
0,10388,35,25,2,1,11,2,1,0,0,1
0,11416,30,8,1,3,12,3,1,0,0,1
1,2600,20,11,3,0,15,1,1,1,0,1
1,2422,30,5,1,0,17,2,0,1,0,2
0,5472,26,2,3,0,12,3,0,0,0,1
0,2451,22,8,1,1,15,0,0,0,0,1
0,4240,48,6,0,0,13,1,0,1,0,1
0,10999,48,4,2,0,14,1,0,1,0,1
0,5003,41,7,3,0,14,2,0,1,0,1
0,12742,39,1,3,1,16,1,0,0,0,1
0,4227,27,2,0,1,18,2,0,0,0,1
0,3917,35,10,1,1,20,2,0,0,0,1
0,18303,42,5,3,0,13,2,0,0,0,1
0,2380,50,9,0,0,18,2,0,0,0,1
0,13726,59,2,2,0,13,1,1,1,0,1
1,4777,37,11,0,0,15,0,0,0,0,1
0,6385,55,18,2,2,14,2,1,0,0,2
0,19973,41,7,1,2,22,0,0,0,0,0
0,6861,38,3,1,0,12,2,1,1,0,1
1,4969,26,29,1,0,18,0,0,1,0,0
1,19845,52,2,0,1,15,0,0,0,0,1
0,13320,44,28,3,1,18,3,1,0,0,1
0,6347,50,1,3,1,12,2,0,0,0,0
1,2743,36,16,2,0,16,3,0,1,0,1
0,10880,39,22,3,0,13,2,1,1,0,2
0,2342,33,8,1,0,19,1,0,1,1,0
0,17650,45,11,3,1,13,2,0,0,0,1
0,4025,32,29,3,0,12,2,0,1,0,0
0,9725,34,1,1,1,11,3,0,0,0,1
0,11904,59,1,1,1,14,2,1,0,0,1
0,2177,45,24,1,0,16,2,0,1,0,1
0,7525,53,2,2,1,12,1,0,0,0,2
1,4834,36,15,0,1,14,2,0,0,0,1
1,2042,26,2,0,1,14,2,1,0,0,2
0,2220,34,10,2,1,19,2,1,0,1,1
0,1052,28,10,3,0,22,2,0,0,1,1
0,2821,38,3,2,1,16,2,0,0,0,2
0,19237,50,2,1,1,11,2,1,0,0,1
0,4107,37,3,3,0,15,2,0,1,0,1
0,8396,40,26,2,1,14,2,0,0,0,1
0,2007,26,1,0,2,13,1,0,0,0,2
0,19627,46,1,3,2,17,2,0,0,0,1
0,10686,54,2,2,1,11,1,0,0,0,1
0,2942,56,9,0,1,19,2,0,0,0,2
0,8858,36,12,3,0,11,1,0,1,0,1
0,16756,55,2,2,0,15,1,0,1,0,0
0,10798,43,25,2,1,13,1,0,0,0,1
1,2323,20,9,3,0,14,2,1,1,1,2
1,1416,21,10,2,0,13,1,0,1,0,1
0,4615,46,8,3,3,23,1,1,0,0,1
1,2461,51,4,0,3,12,2,1,0,0,1
1,8722,28,24,1,0,12,1,0,1,0,0
0,3955,26,1,0,2,16,1,0,0,0,1
0,9957,30,20,2,1,15,2,0,0,0,1
0,3376,41,7,1,0,13,3,0,0,0,1
0,8823,38,17,2,1,18,1,0,0,0,1
0,10322,40,20,0,1,20,2,0,0,0,1
0,4621,27,8,0,3,19,0,0,0,0,0
0,10976,55,2,3,1,18,2,0,0,0,2
0,3660,28,10,2,0,13,2,0,1,0,1
1,10482,44,1,1,1,14,1,0,0,0,1
0,7119,33,5,3,1,15,1,0,0,0,1
1,9582,35,4,3,0,22,2,1,1,0,1
1,4508,33,29,0,0,22,1,0,1,0,2
0,2207,28,15,0,1,16,2,0,0,0,1
0,7756,34,3,0,0,17,2,0,1,0,2
0,6694,37,10,3,3,14,1,1,0,0,1
1,3691,25,4,3,1,15,2,1,0,0,1
1,2377,26,21,0,1,20,2,0,0,0,1
1,2313,33,25,0,0,20,1,1,1,0,1
0,17665,42,2,3,1,17,2,0,0,0,1
1,2596,28,1,0,2,15,1,0,0,0,2
1,4728,50,1,3,0,14,2,1,1,0,2
0,4302,33,7,3,1,17,2,0,0,0,2
0,2979,34,3,2,3,17,1,0,0,0,0
0,16885,48,1,0,0,22,3,0,1,0,0
0,5593,45,9,1,1,13,1,0,0,0,0
0,10445,52,7,1,0,19,2,0,1,0,1
0,8740,38,10,2,2,14,1,1,0,0,1
0,2514,29,28,2,1,22,2,0,0,0,1
0,7655,28,3,3,3,17,2,0,0,0,1
0,17465,46,3,0,1,12,2,0,0,0,1
0,7351,38,2,3,0,16,2,0,1,0,1
0,10820,43,27,2,1,11,2,0,0,0,2
1,12169,39,2,0,3,11,2,0,0,0,2
0,19626,40,14,2,0,14,1,0,1,0,1
0,2070,21,1,3,0,11,1,1,1,0,1
0,6782,39,9,2,0,15,2,0,1,0,0
0,7779,36,18,0,0,20,2,0,1,0,0
0,2791,31,20,2,1,12,3,0,0,1,2
0,3201,28,2,0,0,17,1,0,0,0,1
0,4968,35,11,3,1,11,2,0,0,0,2
0,13120,49,8,3,1,17,1,0,0,0,1
0,4033,34,2,3,0,11,2,0,1,0,2
0,3291,29,10,3,2,14,2,0,0,0,2
0,4272,42,29,1,0,19,0,0,1,0,1
0,5056,29,8,1,1,15,1,1,0,0,1
0,2844,38,1,2,1,13,3,0,0,0,1
0,2703,28,6,2,1,14,1,1,0,0,2
1,1904,18,8,2,0,12,2,0,1,0,0
1,8224,33,9,0,0,17,2,1,1,0,1
0,4766,41,12,1,1,11,2,1,0,0,1
1,2610,31,15,2,1,12,2,0,0,0,2
0,5731,37,25,2,2,13,1,0,0,0,1
0,2539,27,6,3,1,13,1,0,0,0,1
0,5714,34,9,1,0,20,2,0,0,0,1
0,4323,35,8,2,0,17,2,0,1,0,1
1,7336,29,23,3,1,13,1,0,0,0,1
0,13499,40,9,1,0,17,2,0,1,0,2
1,13758,42,12,2,0,12,2,1,1,0,2
0,5155,42,4,1,0,13,2,0,1,0,1
0,2258,35,1,3,1,12,1,0,0,0,1
0,3597,24,24,3,0,22,2,0,1,0,1
1,2515,28,12,2,0,11,2,1,0,0,1
0,4420,26,3,0,1,22,3,0,0,0,1
0,6578,30,10,2,1,18,1,0,0,0,1
0,4422,40,26,2,1,13,1,1,0,0,2
0,10274,35,2,2,1,18,1,0,0,0,1
0,5343,34,1,3,0,20,1,0,1,0,2
0,2376,35,4,3,1,13,1,0,0,0,2
1,5346,43,9,0,0,13,0,0,1,0,1
0,2827,32,2,2,3,12,2,0,0,1,0
0,19943,56,4,3,1,13,2,0,0,0,1
0,3131,29,6,1,1,13,2,0,0,0,1
0,2552,19,9,2,0,25,2,0,1,0,1
0,4477,45,7,0,1,19,2,1,0,0,1
0,6474,37,1,3,1,13,1,0,0,0,1
0,3033,20,3,0,0,12,1,0,1,0,1
1,2936,44,10,2,0,11,2,1,1,0,1
0,18606,53,7,3,1,18,2,0,0,0,1
0,2168,29,15,1,1,18,0,1,0,0,1
1,2853,22,3,2,1,11,1,1,0,0,2
0,17048,46,2,2,0,23,2,0,0,0,1
0,2290,44,17,3,0,13,0,0,1,0,0
0,3600,33,2,1,1,13,2,0,0,0,1
1,2107,41,5,0,1,17,1,0,0,0,0
0,4115,30,29,2,3,19,2,0,0,0,1
0,4327,40,2,1,3,12,2,0,0,0,2
0,17856,50,2,3,1,22,2,0,0,0,2
0,3196,28,19,3,3,12,1,0,0,0,1
0,19081,46,15,3,1,11,2,0,0,0,1
0,8966,35,17,2,3,15,2,1,0,0,1
1,2210,24,17,3,1,13,2,0,0,0,1
0,4539,33,25,1,1,12,2,0,0,0,2
0,2741,36,6,2,1,14,0,0,0,0,1
0,3491,30,7,2,3,13,2,0,0,0,1
0,4541,44,29,3,0,25,2,0,1,0,1
0,2678,20,21,2,0,17,3,0,1,1,1
0,7379,46,2,3,1,11,2,0,0,0,1
0,6272,42,2,3,1,16,3,0,0,0,0
0,5220,60,7,1,1,18,3,1,0,0,1
0,2743,32,13,2,1,20,1,0,0,0,2
0,4998,32,2,3,0,14,2,1,1,0,2
0,10252,36,1,2,1,21,0,1,0,0,1
0,2781,33,9,0,1,13,2,0,0,0,1
0,6852,40,10,1,1,12,1,0,0,0,1
0,4950,25,10,2,0,14,2,0,1,0,1
0,3579,30,1,3,1,21,2,1,0,0,1
0,13191,42,26,0,0,17,2,1,0,0,2
0,10377,35,8,2,1,11,1,1,0,0,0
0,2235,27,14,0,2,14,2,1,0,0,1
0,10502,54,1,3,1,17,2,0,0,0,2
0,2011,44,2,0,1,13,3,0,0,0,1
1,1859,19,10,0,0,25,1,1,1,0,0
0,3760,29,1,0,3,15,2,0,0,0,1
0,17779,54,3,3,0,14,2,0,0,0,1
0,6833,31,11,2,0,12,2,1,0,0,1
0,6812,31,24,2,0,19,1,0,1,0,1
0,5171,59,3,2,0,17,1,0,1,0,1
0,19740,43,3,2,1,14,0,0,0,0,1
0,18711,49,4,0,1,13,1,0,0,0,1
0,3692,36,3,2,0,12,2,0,0,0,2
0,2559,48,2,3,0,11,3,0,1,0,1
0,2517,27,4,0,3,11,2,0,0,0,1
0,6623,29,7,2,2,11,2,1,0,0,1
0,18265,48,1,3,0,12,1,0,1,0,1
0,16124,29,1,3,2,14,1,0,0,0,1
0,2585,34,20,2,0,17,3,0,0,0,1
0,18213,44,5,1,1,11,2,0,0,0,1
0,8380,33,10,3,2,14,3,1,0,0,1
0,2994,19,25,1,0,12,3,1,1,0,1
0,1223,23,1,3,1,22,2,0,0,0,1
1,1118,25,24,2,0,14,0,1,1,1,2
0,2875,26,4,2,0,20,2,1,1,0,1
1,18824,45,2,0,0,16,0,1,1,0,1
0,13577,55,8,3,1,15,1,1,0,0,0
1,2625,21,10,0,0,20,1,0,1,0,2
0,18789,46,4,3,1,14,1,0,0,0,1
0,4538,34,2,2,0,12,2,1,1,0,1
0,19847,51,9,3,1,24,2,1,0,0,2
0,10512,59,18,3,0,12,2,0,1,0,1
0,4444,34,19,2,2,13,2,0,0,0,2
0,2154,28,1,3,0,11,2,1,1,0,2
0,19190,44,4,2,2,14,3,0,0,0,1
0,4490,34,11,2,2,11,1,0,0,0,2
0,3506,35,6,2,0,14,2,1,0,0,1
0,2372,42,7,1,0,16,3,1,0,0,1
0,10231,43,4,3,0,14,1,0,1,0,1
0,5410,36,2,2,0,11,2,1,1,0,1
1,7978,44,15,0,1,11,2,0,0,0,1
0,3867,28,2,3,1,12,1,1,0,0,2
0,2838,51,6,1,0,14,1,0,1,0,2
0,4695,30,9,2,0,18,2,1,1,0,0
1,3339,29,7,1,2,13,2,1,0,0,1
0,2080,28,1,3,0,11,2,0,1,0,1
0,2096,25,1,3,0,18,2,0,1,0,1
0,6209,32,8,2,2,15,3,0,0,0,1
0,18061,45,25,1,0,22,2,0,1,0,2
0,17123,39,13,2,2,13,1,1,0,0,1
0,2372,58,23,0,2,12,2,0,0,0,1
1,4883,32,7,3,1,18,2,0,0,0,1
1,3904,39,23,2,0,13,2,0,1,0,1
0,4627,30,6,0,1,12,1,0,0,0,1
0,7094,36,10,3,0,12,2,0,0,0,1
0,3423,46,1,3,0,12,2,0,1,0,1
0,6674,28,1,2,3,11,0,0,0,0,0
0,16880,50,28,3,0,11,2,1,0,0,1
1,9094,40,25,3,0,12,1,1,1,0,1
1,8446,52,5,1,0,19,2,1,1,0,1
0,11916,30,17,1,2,23,2,1,0,0,1
0,4534,39,18,0,0,11,2,0,1,0,1
0,9852,31,2,3,1,19,2,1,0,0,0
0,6151,41,10,2,0,13,0,0,1,0,0
1,2302,31,1,3,0,11,2,1,1,1,2
1,2362,44,3,0,0,12,2,0,0,0,1
0,17861,42,2,2,0,13,2,1,0,0,0
0,19187,55,2,3,1,14,0,0,0,0,1
0,19717,56,8,3,0,14,2,0,1,0,1
0,3544,40,16,2,1,16,2,0,0,0,0
0,8500,34,9,3,1,11,2,0,0,0,1
0,4661,40,2,2,0,13,2,0,1,0,1
0,4103,41,1,2,1,17,2,0,0,0,2
0,4249,35,4,2,0,11,2,1,1,0,2
0,14026,51,5,2,1,11,2,1,0,0,1
0,6893,38,2,1,1,15,2,0,0,0,1
0,6125,34,15,2,0,12,2,0,1,0,1
0,3669,25,19,3,3,11,2,0,0,0,1
1,10008,58,7,2,0,14,1,1,0,0,1
0,2387,40,1,1,1,22,2,0,0,0,1
0,4639,36,7,0,1,16,3,0,0,0,2
0,7898,48,4,3,0,11,2,0,1,0,1
0,2534,27,11,2,1,14,3,0,0,1,1
0,13142,51,11,3,0,16,1,0,1,0,1
0,1611,18,1,3,0,15,2,0,1,0,0
0,5363,35,1,3,1,12,1,0,0,0,1
0,5071,27,2,3,0,20,0,0,1,0,2
1,13695,55,13,0,0,17,3,1,1,0,1
0,13402,56,23,3,1,12,2,1,0,0,1
0,2029,34,26,0,3,20,1,0,0,0,0
0,6377,40,2,1,3,20,3,0,0,0,1
0,5429,34,29,1,2,13,2,0,0,0,1
1,2785,31,2,2,0,14,1,0,1,1,2
1,4614,35,18,3,1,18,2,1,0,0,2
0,2610,38,7,3,3,11,3,0,0,0,2
0,6687,34,2,2,0,11,2,0,1,0,1
0,4724,28,26,2,1,11,1,0,0,0,1
1,6179,31,22,3,2,15,2,1,0,0,1
0,6120,39,21,0,2,12,1,1,0,0,1
0,10596,51,2,1,0,11,2,0,0,0,2
0,5467,41,22,3,2,14,2,1,0,0,2
0,2996,37,4,2,0,15,2,1,0,0,1
0,9998,33,5,1,0,13,2,0,0,0,2
0,4078,32,2,2,3,13,2,1,0,0,1
0,10920,39,25,2,1,21,2,0,0,0,0
0,6232,25,18,0,0,11,3,0,0,0,1
0,13247,52,28,3,1,11,3,1,0,0,2
0,4081,43,6,0,0,14,1,1,1,0,1
0,5769,27,10,3,0,11,1,1,0,0,1
1,2394,27,17,3,0,13,2,1,1,0,1
0,3904,26,2,0,0,12,1,0,1,0,1
0,16799,42,10,2,1,14,2,0,0,0,1
0,2950,52,8,2,0,13,2,0,0,0,1
0,3629,37,11,0,0,18,2,0,1,0,1
0,9362,35,18,2,0,11,2,0,1,0,2
0,3229,25,1,0,1,11,2,0,0,0,1
0,3578,26,7,2,0,12,3,0,1,0,1
0,7988,29,17,1,0,13,1,0,1,0,1
1,4284,49,28,0,0,20,1,0,1,0,2
1,7553,29,14,2,0,12,2,1,1,0,2
0,17328,54,1,3,0,19,2,0,1,0,1
0,19701,58,1,3,1,21,2,1,0,0,1
0,14732,55,1,1,2,13,3,0,0,0,1
0,9278,36,3,0,0,16,2,1,1,0,1
1,1359,31,1,1,0,12,0,0,1,1,2
0,4779,30,7,3,2,14,2,0,0,0,1
0,16422,31,8,0,0,11,2,0,1,0,1
0,2996,34,1,3,2,14,2,0,0,0,2
1,1261,31,8,0,0,12,1,0,1,0,1
0,2099,27,11,1,0,14,2,0,0,0,1
0,5810,36,4,0,0,16,1,0,1,0,1
0,5647,36,16,2,2,13,1,0,0,0,1
0,3420,47,1,0,1,12,2,0,0,0,1
1,4400,25,9,0,0,12,1,0,0,1,1
0,3500,37,5,2,0,14,3,0,1,0,0
0,2066,56,1,0,1,22,2,0,0,0,1
0,17169,47,2,0,2,19,2,0,0,0,1
0,4162,24,4,3,2,12,2,1,0,0,1
0,9204,32,7,3,1,12,2,0,0,0,1
0,3294,34,1,3,1,17,1,0,0,0,1
0,2127,41,5,1,0,12,3,1,0,0,1
0,3975,40,9,2,2,11,2,0,0,0,0
0,10793,31,8,0,1,18,2,0,0,0,1
1,10096,46,9,0,1,11,2,0,0,0,1
1,3646,39,2,0,0,23,1,1,1,0,0
1,7446,31,1,2,0,11,3,0,1,0,2
0,10851,45,20,1,1,18,0,1,0,0,1
0,2109,31,8,3,0,18,3,0,1,0,1
1,3722,31,2,1,1,13,2,1,0,0,2
0,9380,45,29,1,2,18,2,1,0,0,1
0,5486,48,7,2,3,11,2,0,0,0,1
1,2742,34,9,0,0,15,2,0,0,0,1
0,13757,40,8,3,1,11,1,0,0,0,0
0,8463,28,5,3,0,18,2,0,1,0,1
0,3162,44,5,2,0,14,1,0,1,0,0
0,16598,53,2,3,0,12,3,0,1,0,1
0,6651,49,5,0,1,14,2,0,0,0,1
0,2345,40,2,2,1,14,2,0,0,0,1
0,3420,44,20,3,0,13,2,0,1,0,1
0,4373,33,7,3,2,14,2,0,0,0,2
0,4759,34,3,3,0,18,0,0,1,0,1
0,5301,30,16,3,2,15,2,0,0,0,1
0,3673,42,9,0,0,13,2,0,1,0,2
0,4768,44,1,0,1,12,2,0,0,0,2
0,1274,30,7,2,2,13,2,0,0,0,0
0,4900,57,1,1,1,24,3,0,0,0,1
0,10466,49,7,2,2,14,2,0,0,0,1
0,17007,34,15,1,2,14,2,0,0,0,2
1,2909,28,1,0,1,15,2,0,0,1,2
1,5765,29,13,0,0,11,2,0,1,0,2
1,4599,34,24,0,0,23,1,1,1,0,1
0,2404,35,7,3,1,13,2,0,0,1,1
1,3172,24,9,1,0,11,2,1,1,0,2
0,2033,24,13,3,1,13,2,0,0,1,0
0,10209,44,2,1,0,18,2,1,1,0,2
0,8620,29,19,2,2,14,1,0,0,0,1
0,2064,30,1,2,1,21,2,0,0,0,1
0,4035,55,4,3,0,16,2,1,0,0,1
0,3838,33,4,0,0,11,1,0,0,0,1
0,4591,47,14,2,1,17,2,1,0,0,1
1,2561,28,2,2,0,11,1,0,1,0,2
0,1563,28,1,0,1,14,1,0,0,0,1
0,4898,28,7,2,0,14,2,0,1,0,2
0,4789,49,3,2,1,25,1,0,0,0,1
0,3180,29,2,3,3,13,2,0,0,0,2
0,6549,28,29,2,2,14,0,0,0,0,1
0,6388,33,8,3,0,17,2,1,1,0,1
0,11244,32,10,2,0,25,2,0,1,0,1
0,16032,54,11,1,1,20,2,0,0,0,2
1,2362,29,1,0,0,13,1,0,1,0,1
0,16328,44,28,3,1,13,2,0,0,0,1
0,8376,39,6,1,0,18,2,0,1,0,1
0,16606,46,3,2,1,12,2,0,0,0,1
0,8606,35,16,3,0,19,1,0,1,0,1
0,2272,23,20,0,0,14,2,0,1,0,1
1,2018,40,9,3,0,14,2,0,1,0,1
0,7083,34,1,3,0,14,1,1,0,0,1
1,4084,31,3,3,0,12,2,0,1,0,2
0,14411,50,22,2,0,13,0,1,1,0,2
0,2308,34,7,1,1,25,2,1,0,1,1
0,4841,42,2,2,1,14,1,0,0,0,1
0,4285,37,13,0,0,17,2,0,0,0,1
0,9715,29,8,2,1,13,0,0,0,0,1
0,4320,33,25,3,0,13,1,0,1,0,1
0,2132,45,28,3,1,20,2,0,0,0,1
0,10124,42,2,3,1,14,2,1,0,0,2
0,5473,40,9,0,0,12,2,0,0,0,1
0,5207,33,28,1,1,12,2,1,0,0,1
0,16437,40,6,2,0,21,2,1,1,0,1
0,2296,24,21,2,3,14,1,0,0,0,1
0,4069,40,8,3,0,18,2,1,0,0,0
0,7441,45,1,0,3,12,2,0,0,0,1
0,2430,35,28,1,2,23,1,0,0,1,1
0,5878,32,5,3,1,12,1,0,0,0,1
0,2644,36,2,2,0,21,2,1,1,1,1
0,6439,48,16,2,1,14,2,0,0,0,1
0,2451,29,9,2,2,18,3,0,0,0,1
0,6392,33,8,0,1,13,2,0,0,0,1
1,9714,30,1,1,1,11,1,0,0,0,1
0,6077,38,10,2,0,11,2,0,0,0,2
0,2450,35,1,3,0,19,1,0,1,0,1
0,9250,30,29,2,1,12,2,0,0,0,1
1,2074,35,2,0,1,12,2,1,0,0,1
1,10169,53,2,2,1,16,1,0,0,0,1
1,4855,38,2,2,2,11,2,0,0,0,1
0,4087,32,1,3,1,14,2,0,0,0,0
0,2367,48,15,2,1,12,2,0,0,0,1
0,2972,34,7,0,0,13,2,0,1,0,1
0,19586,55,26,2,1,21,1,0,0,0,1
0,5484,34,1,1,1,17,2,0,0,0,1
0,2061,26,3,0,0,21,2,0,0,0,1
0,9924,38,14,2,1,11,2,0,0,0,1
0,4198,38,16,1,0,12,2,0,1,0,1
0,6815,36,1,1,0,13,2,0,1,0,1
0,4723,29,3,1,0,18,2,1,1,0,1
0,6142,35,10,0,0,16,2,1,1,0,1
0,8237,39,6,3,1,11,3,0,0,0,1
0,8853,29,2,0,1,19,2,0,0,0,2
0,19331,50,9,2,1,16,2,1,0,0,1
0,2073,23,10,3,1,16,3,0,0,0,1
0,5562,36,6,0,1,13,3,1,0,0,2
0,19613,42,9,3,0,22,1,0,1,0,1
0,3407,35,28,1,2,17,3,0,0,0,1
0,5063,34,10,3,1,14,1,0,0,0,2
0,4639,40,14,3,1,15,2,0,0,0,1
0,4876,43,27,3,1,12,3,0,0,0,1
0,2690,35,7,2,1,18,1,0,0,0,1
0,17567,46,1,3,0,15,3,0,1,0,1
1,2408,28,24,2,3,17,2,1,0,0,1
0,2814,22,26,1,0,14,1,1,0,0,0
0,11245,50,20,1,1,15,2,1,0,0,2
0,3312,32,5,1,2,17,3,0,0,0,1
0,19049,44,7,1,1,14,2,1,0,0,1
0,2141,30,7,1,1,12,1,0,0,0,1
0,5769,45,5,2,0,14,0,1,1,0,1
0,4385,45,26,0,1,15,1,0,0,0,0
0,5332,31,2,3,0,13,2,0,1,0,2
0,4663,36,12,2,2,12,2,1,0,0,1
0,4724,34,10,2,1,13,3,0,0,0,2
0,3211,49,25,2,1,14,2,0,0,0,1
0,5377,39,10,1,3,13,2,0,0,0,1
0,4066,27,19,3,2,11,1,0,0,0,1
0,5208,35,18,1,0,11,3,0,0,0,1
0,4877,28,27,1,1,21,0,0,0,0,1
0,3117,21,5,2,0,18,2,0,1,0,1
1,1569,18,3,1,0,12,2,1,1,1,2
0,19658,47,26,3,1,11,2,0,0,0,1
0,3069,39,3,2,1,15,1,0,0,0,1
0,10435,40,15,0,2,13,1,0,0,0,1
0,4148,35,8,2,1,12,2,0,0,0,0
0,5768,37,19,2,3,17,2,0,0,0,1
0,5042,39,4,0,0,13,2,0,1,0,2
0,5770,45,2,3,2,19,1,0,0,0,1
0,7756,38,2,3,1,19,1,1,0,0,1
1,10306,35,10,3,0,17,1,0,0,0,1
0,3936,37,10,1,1,11,2,0,0,0,1
0,7945,40,16,2,0,15,2,1,1,0,1
0,5743,44,1,0,0,11,2,1,0,0,2
0,15202,48,4,2,1,25,1,0,0,0,2
1,5440,35,15,0,2,14,0,1,0,0,1
0,3760,24,2,0,0,13,2,1,1,0,2
0,3517,27,8,1,0,17,3,0,0,0,1
0,2580,27,2,3,0,13,2,0,1,0,2
1,2166,40,7,0,0,14,2,1,1,0,1
0,5869,29,10,2,0,11,1,0,1,0,1
0,8008,36,5,1,2,12,2,0,0,0,1
0,5206,25,2,3,2,17,3,0,0,0,2
0,5295,39,12,3,0,21,2,0,0,0,1
0,16413,49,22,0,2,16,2,0,0,0,1
0,13269,50,17,3,3,15,1,0,0,0,1
0,2783,20,2,2,0,19,2,0,1,1,1
0,5433,34,3,3,1,12,2,0,0,0,1
0,2013,36,7,0,0,11,2,0,1,0,1
0,13966,49,6,2,1,19,1,1,0,0,1
0,4374,36,1,3,0,15,1,0,0,0,0
0,6842,36,3,3,1,20,3,0,0,0,1
0,17426,54,22,1,1,25,2,0,0,0,1
0,17603,43,15,2,1,24,1,0,0,0,1
1,4581,35,12,3,0,24,2,1,1,0,2
0,4735,38,1,3,2,15,2,0,0,0,2
0,4187,29,5,0,1,13,1,1,0,0,1
0,5505,33,2,3,2,14,2,0,0,0,1
0,5470,32,2,3,2,13,2,0,0,0,1
0,5476,31,5,0,2,11,2,0,0,0,1
0,2587,49,16,3,1,16,2,1,0,0,1
0,2440,38,2,3,0,22,1,0,1,0,2
0,15972,47,2,1,3,14,3,0,0,0,1
0,15379,49,1,2,0,14,2,0,1,0,1
0,7082,41,23,3,0,16,2,1,1,0,1
0,2728,20,9,3,0,11,2,0,1,1,1
0,5368,33,16,2,1,25,2,1,0,0,0
0,5347,36,26,0,2,14,2,0,0,0,1
0,3195,44,1,2,3,18,2,1,0,0,1
1,3989,23,8,3,0,11,1,1,1,0,1
0,3306,38,4,3,1,19,2,0,0,0,1
0,7005,53,24,1,0,15,3,0,0,0,1
1,2655,48,7,3,2,11,2,1,0,1,2
1,1393,32,2,3,0,12,2,0,1,0,1
0,2570,26,7,3,0,20,2,0,1,0,0
0,3537,55,22,0,1,12,1,0,0,0,1
0,3986,34,5,1,1,14,1,0,0,0,1
0,10883,60,1,2,1,20,0,0,0,0,1
0,2028,33,21,1,3,18,3,0,0,0,1
0,9525,37,1,2,2,14,0,0,0,0,2
0,2929,34,19,1,0,12,1,0,0,0,1
1,2275,23,7,2,1,21,2,1,0,1,1
0,7879,44,2,2,1,19,3,1,0,0,1
0,4930,35,2,0,0,14,1,1,1,0,2
0,7847,43,2,3,1,17,2,1,0,0,1
0,4401,24,9,2,1,16,3,0,0,0,1
0,9241,41,6,3,0,12,2,0,1,0,1
0,2974,29,9,3,1,17,2,0,0,0,1
0,4502,36,2,2,0,15,2,0,1,1,1
0,10748,45,1,2,1,23,1,0,0,0,0
1,1555,24,22,3,1,11,0,0,0,0,1
1,12936,47,9,2,0,11,0,0,0,0,2
0,2305,26,17,3,3,15,0,0,0,0,1
0,16704,45,28,3,0,11,1,0,1,0,1
0,3433,32,10,0,1,13,2,0,0,0,2
0,3477,31,2,1,1,14,2,0,0,0,1
0,6430,41,4,2,1,19,0,0,0,0,0
0,6516,40,8,1,1,16,2,1,0,0,1
0,3907,24,29,1,3,13,2,0,0,0,1
0,5562,46,13,2,0,14,2,0,1,0,1
0,6883,35,27,3,1,16,2,0,0,0,1
0,2862,30,16,1,1,12,2,0,0,0,1
0,4978,47,2,2,1,11,2,0,0,0,0
0,10368,46,2,2,1,12,2,1,0,0,1
1,6134,36,13,1,3,13,1,1,0,0,1
1,6735,32,1,0,0,15,0,0,1,0,1
0,3295,23,4,2,0,13,2,0,1,0,1
0,5238,31,24,3,0,20,2,0,1,0,2
0,6472,39,1,3,1,15,2,1,0,0,0
0,9610,32,19,3,1,13,0,0,0,0,1
0,19833,40,7,1,0,14,2,0,1,0,1
0,9756,45,4,2,2,21,0,0,0,0,1
0,4968,30,2,3,0,16,1,0,1,0,2
0,2145,24,10,0,1,14,2,0,0,0,2
1,2180,30,8,2,1,11,1,0,0,0,2
0,8346,31,5,0,1,19,2,0,0,0,1
0,3445,27,8,2,0,11,2,0,1,0,1
1,2760,29,9,1,0,13,0,0,1,1,1
0,6294,29,1,3,0,12,3,1,1,0,2
0,7140,30,15,2,1,11,1,0,0,0,1
0,2932,34,2,3,3,14,3,1,0,0,1
0,5147,33,2,3,0,15,2,0,1,0,0
0,4507,49,11,3,0,12,2,0,1,0,1
1,8564,33,16,0,0,20,2,1,1,0,1
0,2468,38,2,2,1,14,1,0,0,0,2
1,8161,31,16,0,3,13,2,0,0,0,1
0,2109,29,4,3,1,13,1,0,0,0,1
0,5294,30,16,2,1,16,3,0,0,0,1
0,2718,32,5,1,0,14,2,0,1,0,0
0,5811,38,18,1,1,16,0,1,0,0,1
1,2437,43,17,2,1,16,1,1,0,0,2
0,2766,42,12,1,3,22,2,0,0,0,1
0,19038,55,2,2,3,12,1,0,0,0,1
0,3055,33,4,3,2,15,2,0,0,0,0
0,2289,41,9,2,2,20,2,0,0,0,1
0,4001,34,10,3,1,14,2,1,0,0,0
0,12965,53,1,0,3,20,1,1,0,0,0
0,3539,43,2,1,0,13,2,0,1,0,1
0,6029,34,3,3,0,12,0,0,1,0,1
1,2679,21,7,1,0,13,2,0,1,1,1
0,3702,38,6,3,1,11,1,0,0,0,1
1,2398,22,8,2,0,17,2,1,0,0,1
0,5468,31,29,0,2,14,1,0,0,0,1
0,13116,51,3,0,0,11,2,0,0,0,1
0,4189,37,9,1,2,14,1,0,0,0,1
0,19328,46,2,2,1,17,2,1,0,0,1
0,8321,36,10,3,1,13,2,1,0,0,1
1,2342,44,1,2,3,12,2,1,0,0,2
0,4071,37,8,2,0,13,2,0,0,0,1
1,5813,35,27,2,0,18,2,1,1,0,1
0,3143,33,8,3,1,19,3,0,0,0,1
0,2044,28,1,2,1,11,2,0,0,0,1
0,13464,39,10,2,0,21,2,0,1,0,1
0,7991,46,26,1,0,15,1,0,1,0,0
0,3377,40,2,2,1,17,2,0,0,0,1
0,5538,42,13,1,2,18,3,0,0,0,1
0,5762,35,2,1,1,14,2,0,0,0,0
0,2592,38,2,0,3,13,2,0,0,0,0
1,5346,34,9,3,1,17,2,0,0,0,2
1,4213,37,10,3,0,15,2,0,1,0,1
0,4127,39,20,2,1,18,2,0,0,0,2
0,2438,43,9,0,0,13,2,0,1,0,0
0,6870,41,5,1,0,12,3,0,1,0,1
0,10447,41,4,2,1,13,2,1,0,0,1
0,9667,30,10,0,0,14,2,0,1,0,1
1,2148,26,20,3,0,11,2,1,0,0,1
1,8926,46,21,3,1,22,2,0,0,0,1
0,6513,40,1,2,1,17,2,0,0,0,1
0,6799,34,8,1,2,21,3,0,0,0,1
0,16291,58,2,1,1,22,2,0,0,0,0
0,2705,35,23,1,1,16,0,0,0,0,1
0,10333,47,4,2,1,12,1,1,0,0,1
0,4448,40,12,1,1,12,2,0,0,0,1
0,6854,54,7,3,1,15,2,0,0,0,1
0,9637,31,7,0,2,14,2,0,0,0,2
0,3591,28,1,2,1,25,2,0,0,0,1
0,5405,38,2,1,2,20,0,1,0,1,1
0,4684,26,10,2,0,13,2,0,1,0,1
0,15787,58,15,0,0,14,2,1,0,0,2
0,1514,18,14,1,0,16,2,0,1,0,0
1,2956,31,18,3,0,17,3,0,0,0,1
1,2335,29,13,0,3,15,1,1,0,0,1
0,5154,45,2,2,2,22,2,0,0,0,0
0,6962,36,2,3,1,22,2,1,0,0,1
0,5675,43,2,0,1,20,2,0,0,0,2
0,2379,27,5,3,0,14,2,1,1,0,2
0,3812,29,20,3,0,13,2,0,0,0,2
0,4648,32,10,3,0,13,2,0,1,0,2
0,2936,42,10,2,2,22,2,0,0,0,0
0,2105,47,9,1,0,12,2,0,1,0,1
0,8578,46,2,3,1,14,2,0,0,0,1
0,2706,28,1,2,1,15,2,0,0,0,0
0,6384,29,29,3,2,17,0,0,0,0,1
0,3968,42,8,3,0,13,2,0,1,0,1
1,9907,32,2,2,0,12,1,1,1,0,1
0,13225,46,3,0,1,12,3,0,0,0,1
0,3540,27,23,1,1,21,1,0,0,1,1
0,2804,29,6,3,0,11,1,0,0,0,1
0,19392,43,6,0,0,13,1,0,0,0,1
0,19665,48,10,3,0,12,1,0,0,0,1
1,2439,29,24,3,0,24,1,1,1,0,2
1,7314,46,10,2,3,21,2,0,0,0,1
0,4774,27,15,3,1,19,1,0,0,0,2
0,3902,39,19,3,3,14,2,0,0,0,1
0,2662,55,2,1,1,20,1,0,0,0,1
0,2856,28,3,1,1,19,2,0,0,1,1
1,1081,30,9,1,0,13,2,0,1,1,1
1,2472,22,7,3,0,23,2,1,1,0,1
0,5673,36,10,1,1,13,1,1,0,0,1
0,4197,31,20,1,1,11,2,0,0,0,1
0,9713,34,4,2,3,13,2,1,0,0,1
0,2062,29,7,3,0,14,2,0,1,0,1
0,4284,37,7,3,1,22,2,1,0,0,1
0,4788,35,16,3,0,11,1,1,0,0,1
0,5906,45,25,1,2,13,1,0,0,0,1
0,3886,36,2,1,0,21,1,0,1,0,2
0,16823,40,1,0,1,11,2,0,0,0,1
0,2933,26,1,1,1,13,1,1,0,0,1
0,6500,27,2,0,0,14,3,0,1,0,1
0,17174,48,22,3,1,11,2,0,0,0,2
0,5033,44,1,1,1,15,3,0,0,0,1
1,2307,34,16,3,1,23,0,1,0,0,0
1,2587,56,24,0,0,16,2,0,1,0,1
0,5507,36,17,2,2,16,1,0,0,0,1
0,4393,41,8,2,1,21,2,0,0,0,1
0,13348,42,6,2,1,13,2,0,0,0,1
0,6583,31,10,2,1,11,2,1,0,0,1
0,8103,34,3,3,0,12,1,1,0,0,1
0,3978,31,4,0,1,12,3,0,0,0,1
0,2544,26,6,2,1,18,3,0,0,0,2
0,5399,45,1,1,0,12,2,0,1,0,2
0,5487,33,10,1,0,14,2,0,1,0,1
0,6834,28,1,2,1,12,1,1,0,0,2
1,1091,29,24,2,0,17,3,0,1,1,2
0,5736,39,21,0,1,19,0,0,0,0,0
0,2226,27,2,1,1,11,2,0,0,0,1
0,5747,34,22,2,0,15,1,1,0,0,2
1,9854,28,13,3,0,11,2,1,1,0,1
0,5467,47,14,2,1,18,2,0,0,0,0
0,5380,56,11,3,1,16,1,0,0,0,1
0,5151,39,9,0,1,25,2,0,0,0,1
0,2133,38,8,3,1,16,1,1,0,0,2
0,17875,58,21,3,1,13,2,1,0,0,1
1,2432,32,5,0,0,14,3,1,1,0,2
0,4771,38,9,1,2,19,2,0,0,0,1
0,19161,49,2,1,0,15,2,0,0,0,2
0,5087,42,12,1,2,12,2,1,0,0,1
1,2863,27,22,0,0,12,1,0,0,0,2
0,5561,35,18,1,1,16,2,0,0,0,1
0,2144,28,16,2,0,14,2,0,1,0,0
0,3065,31,3,2,1,13,2,1,0,0,0
0,2810,36,9,0,0,22,3,0,0,0,0
0,9888,34,1,0,0,21,2,0,1,0,1
0,8628,34,13,3,1,18,2,0,0,0,1
0,2867,26,1,2,0,13,2,0,1,0,1
0,5373,29,1,0,1,12,2,0,0,0,1
0,6667,32,15,2,1,18,2,0,0,0,0
0,5003,31,1,3,0,21,0,0,0,0,2
1,2367,28,17,2,1,12,1,0,0,0,1
0,2858,38,1,0,0,14,1,0,1,1,1
0,5204,35,7,2,0,11,2,1,0,0,1
0,4105,27,9,3,0,14,2,0,1,0,1
0,9679,32,5,3,0,24,1,0,1,0,1
1,5617,31,26,0,0,11,2,1,0,0,2
1,10448,53,24,0,0,13,2,1,1,0,1
0,2897,54,9,0,2,11,2,0,0,0,1
0,5968,33,7,3,3,20,2,0,0,0,2
0,7510,43,11,0,1,17,2,0,0,0,1
0,2991,38,1,3,1,11,2,1,0,0,2
0,19636,55,26,2,1,18,3,1,0,0,1
0,1129,31,2,3,3,11,0,1,0,0,1
0,13341,39,15,1,0,12,2,0,1,0,1
0,4332,42,23,3,0,12,1,0,1,0,0
0,11031,31,10,2,1,20,2,0,0,0,0
0,4440,54,10,2,0,19,2,1,1,0,1
0,4617,24,1,1,0,12,1,0,1,0,1
0,2647,23,12,3,0,13,2,0,1,0,1
0,6323,40,11,3,1,11,2,0,0,0,2
0,5677,40,2,1,1,14,2,0,0,0,1
0,2187,25,2,2,0,14,2,0,0,0,1
0,3748,30,1,3,0,13,2,0,0,0,1
0,3977,25,2,3,1,19,2,1,0,0,1
0,8633,47,25,0,0,23,2,0,1,0,1
0,2008,33,1,1,3,12,1,0,0,0,0
0,4440,38,1,3,2,15,2,0,0,0,1
0,3067,31,2,0,1,19,2,0,0,1,1
0,5321,38,6,0,1,11,1,0,0,0,2
0,5410,42,18,3,1,17,2,1,0,0,1
0,2782,41,1,3,1,22,2,0,0,0,1
0,11957,47,1,2,2,18,2,0,0,0,0
0,2660,35,11,3,1,11,2,1,0,0,1
0,3375,22,1,3,0,12,2,0,1,0,1
0,5098,35,9,1,0,19,2,0,1,0,1
0,4878,33,15,1,1,13,2,1,0,0,1
0,2837,32,29,2,0,13,1,0,1,0,1
0,2406,40,1,0,2,19,2,0,0,0,1
0,2269,32,1,1,1,14,1,0,0,1,1
0,4108,39,24,0,0,13,2,0,1,0,1
0,13206,38,10,1,1,12,0,0,0,0,1
0,10422,32,1,2,2,19,2,0,0,0,1
0,13744,37,10,2,1,25,3,1,0,0,1
0,4907,25,8,0,1,22,2,1,0,0,1
0,3482,52,29,0,2,15,2,0,0,1,0
0,2436,44,1,1,0,12,2,1,1,0,1
0,2380,21,5,2,0,11,2,1,1,1,1
0,19431,39,9,3,0,13,2,0,1,0,0
1,1790,23,9,3,1,19,2,0,0,1,2
0,7644,36,3,0,2,19,1,0,0,0,1
0,5131,36,4,3,3,13,2,0,0,0,2
0,6306,56,1,2,1,21,2,0,0,0,0
1,4787,29,1,0,3,14,2,1,0,0,1
0,18880,42,2,0,0,11,2,0,0,0,1
1,2339,56,7,3,1,11,2,0,0,0,1
0,13570,41,28,0,1,23,1,0,0,0,1
0,6712,34,28,3,2,21,1,0,0,0,1
0,5406,36,15,3,1,24,0,0,0,0,0
0,8938,41,3,2,1,11,1,0,0,0,1
0,2439,32,2,3,0,14,2,0,1,0,1
0,8837,35,26,2,0,16,2,1,1,0,1
0,5343,38,10,0,1,11,2,0,0,0,1
1,6728,50,1,1,2,12,2,0,0,0,2
0,6652,36,11,1,1,13,1,0,0,0,1
0,4850,45,20,3,0,15,2,0,1,0,1
0,2809,40,2,2,0,14,1,0,1,0,1
0,5689,35,18,2,2,14,2,1,0,0,2
0,2001,40,2,2,3,14,2,0,0,0,1
0,2977,35,1,2,1,12,0,0,0,0,1
0,4025,29,13,3,1,13,1,1,0,0,1
0,3785,29,28,3,0,14,1,0,1,0,1
1,10854,50,28,3,1,13,1,1,0,0,1
0,12031,39,24,1,1,11,1,0,0,0,1
0,9936,31,5,1,0,19,2,0,1,0,0
0,2966,26,5,3,0,18,1,0,1,1,1
0,2571,36,23,2,1,17,3,0,0,0,2
0,9991,39,6,3,1,15,1,0,0,0,1
0,6142,27,4,1,1,20,3,1,0,0,1
0,5390,49,2,3,0,14,1,0,0,0,2
0,4404,34,8,1,0,12,3,0,0,0,1
